{
    "version": 8,
    "name": "Premier League Winnig Countries ",
    "metadata": {
        "mapbox:autocomposite": true,
        "mapbox:type": "template",
        "mapbox:sdk-support": {
            "android": "11.0.0",
            "ios": "11.0.0",
            "js": "3.0.0"
        },
        "mapbox:groups": {
            "Place labels, place-labels": {
                "name": "Place labels, place-labels",
                "collapsed": true
            }
        },
        "mapbox:uiParadigm": "layers",
        "mapbox:decompiler": {
            "id": "clgtuj7oo006n01qjaymbh4so",
            "strata": [
                {
                    "id": "clgtuj7oo006n01qjaymbh4so",
                    "order": [
                        ["place-labels", "place-labels"],
                        "depth",
                        "country-boundaries",
                        "ne-10m-admin-0-countries-dwc2kr (1)",
                        "ne-10m-admin-0-countries-dwc2kr",
                        "ne-10m-admin-0-countries-dwc2kr (2)"
                    ]
                }
            ],
            "components": {"place-labels": "16.0.0"},
            "propConfig": {"place-labels": {"colorBase": "hsl(0, 19%, 98%)"}}
        }
    },
    "center": [9.324419996895784, 49.227038835347685],
    "zoom": 3.7687870350505404,
    "bearing": 0,
    "pitch": 11.000000000000027,
    "sources": {
        "composite": {
            "url": "mapbox://moeahmed01.an9owxs5,mapbox.country-boundaries-v1,mapbox.mapbox-bathymetry-v2,mapbox.mapbox-streets-v8",
            "type": "vector"
        }
    },
    "sprite": "mapbox://sprites/moeahmed01/clgtuj7oo006n01qjaymbh4so/bpzdispcauu2dg25z17uj1ct2",
    "glyphs": "mapbox://fonts/mapbox/{fontstack}/{range}.pbf",
    "projection": {"name": "globe"},
    "layers": [
        {
            "id": "settlement-subdivision-label",
            "type": "symbol",
            "metadata": {
                "mapbox:featureComponent": "place-labels",
                "mapbox:group": "Place labels, place-labels"
            },
            "source": "composite",
            "source-layer": "place_label",
            "minzoom": 10,
            "maxzoom": 15,
            "filter": [
                "all",
                [
                    "match",
                    ["get", "class"],
                    [
                        "settlement_subdivision",
                        "disputed_settlement_subdivision"
                    ],
                    ["match", ["get", "worldview"], ["all", "US"], true, false],
                    false
                ],
                ["<=", ["get", "filterrank"], 4]
            ],
            "layout": {
                "text-field": ["coalesce", ["get", "name_en"], ["get", "name"]],
                "text-transform": "uppercase",
                "text-font": ["DIN Pro Regular", "Arial Unicode MS Regular"],
                "text-letter-spacing": [
                    "match",
                    ["get", "type"],
                    "suburb",
                    0.15,
                    0.05
                ],
                "text-max-width": 7,
                "text-padding": 3,
                "text-size": [
                    "interpolate",
                    ["cubic-bezier", 0.5, 0, 1, 1],
                    ["zoom"],
                    11,
                    ["match", ["get", "type"], "suburb", 11, 10.5],
                    15,
                    ["match", ["get", "type"], "suburb", 15, 14]
                ]
            },
            "paint": {
                "text-halo-color": "hsl(0, 16%, 100%)",
                "text-halo-width": 1,
                "text-color": "hsl(0, 17%, 67%)",
                "text-halo-blur": 0.5
            }
        },
        {
            "id": "settlement-minor-label",
            "type": "symbol",
            "metadata": {
                "mapbox:featureComponent": "place-labels",
                "mapbox:group": "Place labels, place-labels"
            },
            "source": "composite",
            "source-layer": "place_label",
            "minzoom": 2,
            "maxzoom": 13,
            "filter": [
                "all",
                ["<=", ["get", "filterrank"], 3],
                [
                    "match",
                    ["get", "class"],
                    ["settlement", "disputed_settlement"],
                    ["match", ["get", "worldview"], ["all", "US"], true, false],
                    false
                ],
                [
                    "step",
                    ["zoom"],
                    [">", ["get", "symbolrank"], 6],
                    4,
                    [">=", ["get", "symbolrank"], 7],
                    6,
                    [">=", ["get", "symbolrank"], 8],
                    7,
                    [">=", ["get", "symbolrank"], 10],
                    10,
                    [">=", ["get", "symbolrank"], 11],
                    11,
                    [">=", ["get", "symbolrank"], 13],
                    12,
                    [">=", ["get", "symbolrank"], 15]
                ]
            ],
            "layout": {
                "text-line-height": 1.1,
                "text-size": [
                    "interpolate",
                    ["cubic-bezier", 0.2, 0, 0.9, 1],
                    ["zoom"],
                    3,
                    ["step", ["get", "symbolrank"], 11, 9, 10],
                    6,
                    ["step", ["get", "symbolrank"], 14, 9, 12, 12, 10],
                    8,
                    ["step", ["get", "symbolrank"], 16, 9, 14, 12, 12, 15, 10],
                    13,
                    ["step", ["get", "symbolrank"], 22, 9, 20, 12, 16, 15, 14]
                ],
                "text-radial-offset": [
                    "step",
                    ["zoom"],
                    ["match", ["get", "capital"], 2, 0.6, 0.55],
                    8,
                    0
                ],
                "symbol-sort-key": ["get", "symbolrank"],
                "icon-image": [
                    "step",
                    ["zoom"],
                    [
                        "case",
                        ["==", ["get", "capital"], 2],
                        "border-dot-13",
                        [
                            "step",
                            ["get", "symbolrank"],
                            "dot-11",
                            9,
                            "dot-10",
                            11,
                            "dot-9"
                        ]
                    ],
                    8,
                    ""
                ],
                "text-font": ["DIN Pro Regular", "Arial Unicode MS Regular"],
                "text-justify": "auto",
                "text-anchor": [
                    "step",
                    ["zoom"],
                    ["get", "text_anchor"],
                    8,
                    "center"
                ],
                "text-field": ["coalesce", ["get", "name_en"], ["get", "name"]],
                "text-max-width": 7
            },
            "paint": {
                "text-color": [
                    "step",
                    ["get", "symbolrank"],
                    "hsl(0, 17%, 48%)",
                    11,
                    "hsl(0, 17%, 61%)",
                    16,
                    "hsl(0, 17%, 69%)"
                ],
                "text-halo-color": "hsl(0, 16%, 100%)",
                "text-halo-width": 1,
                "text-halo-blur": 1
            }
        },
        {
            "id": "settlement-major-label",
            "type": "symbol",
            "metadata": {
                "mapbox:featureComponent": "place-labels",
                "mapbox:group": "Place labels, place-labels"
            },
            "source": "composite",
            "source-layer": "place_label",
            "minzoom": 2,
            "maxzoom": 15,
            "filter": [
                "all",
                ["<=", ["get", "filterrank"], 3],
                [
                    "match",
                    ["get", "class"],
                    ["settlement", "disputed_settlement"],
                    ["match", ["get", "worldview"], ["all", "US"], true, false],
                    false
                ],
                [
                    "step",
                    ["zoom"],
                    false,
                    2,
                    ["<=", ["get", "symbolrank"], 6],
                    4,
                    ["<", ["get", "symbolrank"], 7],
                    6,
                    ["<", ["get", "symbolrank"], 8],
                    7,
                    ["<", ["get", "symbolrank"], 10],
                    10,
                    ["<", ["get", "symbolrank"], 11],
                    11,
                    ["<", ["get", "symbolrank"], 13],
                    12,
                    ["<", ["get", "symbolrank"], 15],
                    13,
                    [">=", ["get", "symbolrank"], 11],
                    14,
                    [">=", ["get", "symbolrank"], 15]
                ]
            ],
            "layout": {
                "text-line-height": 1.1,
                "text-size": [
                    "interpolate",
                    ["cubic-bezier", 0.2, 0, 0.9, 1],
                    ["zoom"],
                    3,
                    ["step", ["get", "symbolrank"], 13, 6, 11],
                    6,
                    ["step", ["get", "symbolrank"], 18, 6, 16, 7, 14],
                    8,
                    ["step", ["get", "symbolrank"], 20, 9, 16, 10, 14],
                    15,
                    ["step", ["get", "symbolrank"], 24, 9, 20, 12, 16, 15, 14]
                ],
                "text-radial-offset": [
                    "step",
                    ["zoom"],
                    ["match", ["get", "capital"], 2, 0.6, 0.55],
                    8,
                    0
                ],
                "symbol-sort-key": ["get", "symbolrank"],
                "icon-image": [
                    "step",
                    ["zoom"],
                    [
                        "case",
                        ["==", ["get", "capital"], 2],
                        "border-dot-13",
                        [
                            "step",
                            ["get", "symbolrank"],
                            "dot-11",
                            9,
                            "dot-10",
                            11,
                            "dot-9"
                        ]
                    ],
                    8,
                    ""
                ],
                "text-font": ["DIN Pro Medium", "Arial Unicode MS Regular"],
                "text-justify": [
                    "step",
                    ["zoom"],
                    [
                        "match",
                        ["get", "text_anchor"],
                        ["left", "bottom-left", "top-left"],
                        "left",
                        ["right", "bottom-right", "top-right"],
                        "right",
                        "center"
                    ],
                    8,
                    "center"
                ],
                "text-anchor": [
                    "step",
                    ["zoom"],
                    ["get", "text_anchor"],
                    8,
                    "center"
                ],
                "text-field": ["coalesce", ["get", "name_en"], ["get", "name"]],
                "text-max-width": 7
            },
            "paint": {
                "text-color": [
                    "step",
                    ["get", "symbolrank"],
                    "hsl(0, 17%, 48%)",
                    11,
                    "hsl(0, 17%, 61%)",
                    16,
                    "hsl(0, 17%, 69%)"
                ],
                "text-halo-color": "hsl(0, 16%, 100%)",
                "text-halo-width": 1,
                "text-halo-blur": 1
            }
        },
        {
            "id": "state-label",
            "type": "symbol",
            "metadata": {
                "mapbox:featureComponent": "place-labels",
                "mapbox:group": "Place labels, place-labels"
            },
            "source": "composite",
            "source-layer": "place_label",
            "minzoom": 3,
            "maxzoom": 9,
            "filter": [
                "match",
                ["get", "class"],
                ["state", "disputed_state"],
                ["match", ["get", "worldview"], ["all", "US"], true, false],
                false
            ],
            "layout": {
                "text-size": [
                    "interpolate",
                    ["cubic-bezier", 0.85, 0.7, 0.65, 1],
                    ["zoom"],
                    4,
                    ["step", ["get", "symbolrank"], 9, 6, 8, 7, 7],
                    9,
                    ["step", ["get", "symbolrank"], 21, 6, 16, 7, 14]
                ],
                "text-transform": "uppercase",
                "text-font": ["DIN Pro Bold", "Arial Unicode MS Bold"],
                "text-field": ["coalesce", ["get", "name_en"], ["get", "name"]],
                "text-letter-spacing": 0.15,
                "text-max-width": 6
            },
            "paint": {
                "text-color": "hsl(0, 17%, 48%)",
                "text-halo-color": "hsl(0, 16%, 100%)",
                "text-halo-width": 1,
                "text-opacity": 0.5
            }
        },
        {
            "id": "country-label",
            "type": "symbol",
            "metadata": {
                "mapbox:featureComponent": "place-labels",
                "mapbox:group": "Place labels, place-labels"
            },
            "source": "composite",
            "source-layer": "place_label",
            "minzoom": 1,
            "maxzoom": 10,
            "filter": [
                "match",
                ["get", "class"],
                ["country", "disputed_country"],
                ["match", ["get", "worldview"], ["all", "US"], true, false],
                false
            ],
            "layout": {
                "icon-image": "",
                "text-field": ["coalesce", ["get", "name_en"], ["get", "name"]],
                "text-line-height": 1.1,
                "text-max-width": 6,
                "text-font": ["DIN Pro Medium", "Arial Unicode MS Regular"],
                "text-radial-offset": ["step", ["zoom"], 0.6, 8, 0],
                "text-justify": [
                    "step",
                    ["zoom"],
                    [
                        "match",
                        ["get", "text_anchor"],
                        ["left", "bottom-left", "top-left"],
                        "left",
                        ["right", "bottom-right", "top-right"],
                        "right",
                        "center"
                    ],
                    7,
                    "auto"
                ],
                "text-size": [
                    "interpolate",
                    ["cubic-bezier", 0.2, 0, 0.7, 1],
                    ["zoom"],
                    1,
                    ["step", ["get", "symbolrank"], 11, 4, 9, 5, 8],
                    9,
                    ["step", ["get", "symbolrank"], 22, 4, 19, 5, 17]
                ]
            },
            "paint": {
                "icon-opacity": [
                    "step",
                    ["zoom"],
                    ["case", ["has", "text_anchor"], 1, 0],
                    7,
                    0
                ],
                "text-color": "hsl(0, 17%, 48%)",
                "text-halo-color": "hsl(0, 16%, 100%)",
                "text-halo-width": 1.25
            }
        },
        {
            "id": "continent-label",
            "type": "symbol",
            "metadata": {
                "mapbox:featureComponent": "place-labels",
                "mapbox:group": "Place labels, place-labels"
            },
            "source": "composite",
            "source-layer": "natural_label",
            "minzoom": 0.75,
            "maxzoom": 3,
            "filter": ["==", ["get", "class"], "continent"],
            "layout": {
                "text-field": ["coalesce", ["get", "name_en"], ["get", "name"]],
                "text-line-height": 1.1,
                "text-max-width": 6,
                "text-font": ["DIN Pro Medium", "Arial Unicode MS Regular"],
                "text-size": [
                    "interpolate",
                    ["exponential", 0.5],
                    ["zoom"],
                    0,
                    10,
                    2.5,
                    15
                ],
                "text-transform": "uppercase",
                "text-letter-spacing": 0.05
            },
            "paint": {
                "text-color": "hsl(0, 17%, 48%)",
                "text-halo-color": "hsl(0, 16%, 100%)",
                "text-halo-width": 1.5,
                "text-opacity": [
                    "interpolate",
                    ["linear"],
                    ["zoom"],
                    0,
                    0.8,
                    1.5,
                    0.5,
                    2.5,
                    0
                ]
            }
        },
        {
            "id": "depth",
            "type": "fill",
            "source": "composite",
            "source-layer": "depth",
            "layout": {},
            "paint": {"fill-color": "hsl(249, 99%, 60%)"}
        },
        {
            "id": "country-boundaries",
            "type": "fill",
            "source": "composite",
            "source-layer": "country_boundaries",
            "layout": {},
            "paint": {}
        },
        {
            "id": "ne-10m-admin-0-countries-dwc2kr (1)",
            "type": "fill",
            "source": "composite",
            "source-layer": "ne_10m_admin_0_countries-dwc2kr",
            "filter": [
                "match",
                ["get", "BRK_NAME"],
                [
                    "Cameroon",
                    "Sweden",
                    "Argentina",
                    "Côte d'Ivoire",
                    "Brazil",
                    "Germany",
                    "Portugal",
                    "Czechia",
                    "Iceland",
                    "Spain",
                    "Ghana",
                    "Serbia",
                    "Republic of Korea",
                    "Bulgaria",
                    "Nigeria"
                ],
                true,
                false
            ],
            "layout": {},
            "paint": {"fill-color": "hsla(0, 92%, 50%, 0.76)"}
        },
        {
            "id": "ne-10m-admin-0-countries-dwc2kr",
            "type": "fill",
            "source": "composite",
            "source-layer": "ne_10m_admin_0_countries-dwc2kr",
            "filter": [
                "match",
                ["get", "BRK_NAME"],
                [
                    "France",
                    "United Kingdom",
                    "Ireland",
                    "Denmark",
                    "Russia",
                    "Norway",
                    "Netherlands",
                    "Trinidad and Tobago",
                    "Australia"
                ],
                true,
                false
            ],
            "layout": {},
            "paint": {"fill-color": "hsla(0, 95%, 41%, 0.62)"}
        },
        {
            "id": "ne-10m-admin-0-countries-dwc2kr (2)",
            "type": "fill",
            "source": "composite",
            "source-layer": "ne_10m_admin_0_countries-dwc2kr",
            "filter": [
                "match",
                ["get", "BRK_NAME"],
                [
                    "Belgium",
                    "Bosnia and Herz.",
                    "Japan",
                    "Ecuador",
                    "Jamaica",
                    "Algeria",
                    "Austria",
                    "Chile",
                    "Ukraine",
                    "Egypt",
                    "Senegal",
                    "Guinea",
                    "Croatia",
                    "Switzerland"
                ],
                true,
                false
            ],
            "layout": {},
            "paint": {"fill-color": "hsl(360, 94%, 54%)"}
        }
    ],
    "created": "2023-04-23T20:12:47.401Z",
    "modified": "2023-05-08T20:45:55.755Z",
    "id": "clgtuj7oo006n01qjaymbh4so",
    "owner": "moeahmed01",
    "visibility": "private",
    "protected": false,
    "draft": false
}